<?xml version="1.0" encoding="UTF-8" standalone="yes"?>
<addon id="repository.fabiobox" name="Fabio Box Repo" version="1.0.1" provider-name="Kodish MC">
    <extension point="xbmc.addon.repository" name="PrimePlay.py">
        <info compressed="false">https://raw.githubusercontent.com/kodishmcbr/aula/master/addons.xml</info>
		<checksum>https://raw.githubusercontent.com/kodishmcbr/aula/master/addons.xml.md5</checksum>
		<datadir zip="true">https://raw.githubusercontent.com/kodishmcbr/aula/master/repo</datadir>
    </extension>
    <extension point="xbmc.addon.metadata">
        <summary>Fabio Box</summary>
        <description>Coisas Interesantes</description>
        <platform>all</platform>
    </extension>
</addon>

